epoch,accuracy,loss,lr,val_accuracy,val_loss
0,0.033222220838069916,3.477623224258423,0.0003,0.03400000184774399,3.4425318241119385
1,0.03096296265721321,3.427335739135742,0.0003,0.03333333507180214,3.4188618659973145
2,0.033407408744096756,3.4150564670562744,0.0003,0.03333333507180214,3.4109082221984863
3,0.03525925800204277,3.409487247467041,0.0003,0.03233333304524422,3.409604549407959
4,0.06233333423733711,3.27352237701416,0.0003,0.08566666394472122,3.0974977016448975
5,0.14792592823505402,2.892228364944458,0.0003,0.21799999475479126,2.6389496326446533
6,0.2607037127017975,2.4933266639709473,0.0003,0.23399999737739563,2.49875545501709
7,0.3168148100376129,2.2735774517059326,0.0003,0.31566667556762695,2.2181804180145264
8,0.35281482338905334,2.1401267051696777,0.0003,0.39666667580604553,2.0354135036468506
9,0.39755555987358093,2.0090489387512207,0.0003,0.414000004529953,1.943657398223877
10,0.4252963066101074,1.9289426803588867,0.0003,0.4946666657924652,1.810666561126709
11,0.4561111032962799,1.8536388874053955,0.0003,0.4763333201408386,1.8005340099334717
12,0.48240742087364197,1.7718231678009033,0.0003,0.4896666705608368,1.7375984191894531
13,0.4928148090839386,1.7328600883483887,0.0003,0.4476666748523712,1.8322683572769165
14,0.5049629807472229,1.6982102394104004,0.0003,0.512333333492279,1.6680673360824585
15,0.5068888664245605,1.684814691543579,0.0003,0.5619999766349792,1.5661468505859375
16,0.5201851725578308,1.6508021354675293,0.0003,0.49966666102409363,1.721165418624878
17,0.5253333449363708,1.6331794261932373,0.0003,0.5046666860580444,1.6548329591751099
18,0.5375925898551941,1.5954340696334839,0.0003,0.5630000233650208,1.556646466255188
19,0.5437036752700806,1.5880529880523682,0.0003,0.5730000138282776,1.5211760997772217
20,0.5515555739402771,1.5580682754516602,0.0003,0.5663333535194397,1.5117360353469849
21,0.5614814758300781,1.5362234115600586,0.0003,0.5663333535194397,1.5177853107452393
22,0.5873703956604004,1.4629158973693848,0.0003,0.6230000257492065,1.4247236251831055
23,0.6154444217681885,1.4000678062438965,0.0003,0.6346666812896729,1.332997441291809
24,0.6427407264709473,1.340269923210144,0.0003,0.6299999952316284,1.3511691093444824
25,0.6558148264884949,1.2929980754852295,0.0003,0.6666666865348816,1.253718376159668
26,0.6705926060676575,1.2532000541687012,0.0003,0.6916666626930237,1.199582815170288
27,0.6761481761932373,1.2296215295791626,0.0003,0.7036666870117188,1.1442233324050903
28,0.6806296110153198,1.2157641649246216,0.0003,0.6943333148956299,1.1811306476593018
29,0.6916296482086182,1.1877694129943848,0.0003,0.6826666593551636,1.199878215789795
30,0.6960740685462952,1.1759870052337646,0.0003,0.6433333158493042,1.3263345956802368
31,0.7024074196815491,1.1487643718719482,0.0003,0.7173333168029785,1.1068862676620483
32,0.7009259462356567,1.1398863792419434,0.0003,0.734333336353302,1.0798405408859253
33,0.7049259543418884,1.1350226402282715,0.0003,0.7089999914169312,1.1082831621170044
34,0.7044073939323425,1.1295844316482544,0.0003,0.6976666450500488,1.1712242364883423
35,0.7094444632530212,1.114914894104004,0.0003,0.7386666536331177,1.0703461170196533
36,0.7130370140075684,1.1038818359375,0.0003,0.7076666951179504,1.1121063232421875
37,0.7165555357933044,1.0916094779968262,0.0003,0.7323333621025085,1.0552877187728882
38,0.7141851782798767,1.09401273727417,0.0003,0.7390000224113464,1.0359457731246948
39,0.7209259271621704,1.077366828918457,0.0003,0.6986666917800903,1.1580116748809814
40,0.7237777709960938,1.0677378177642822,0.0003,0.6610000133514404,1.27266526222229
41,0.7255555391311646,1.0658766031265259,0.0003,0.7393333315849304,1.0479403734207153
42,0.7270740866661072,1.055204153060913,0.0003,0.7386666536331177,1.0473233461380005
43,0.7307037115097046,1.0453460216522217,0.0003,0.6936666369438171,1.1769236326217651
44,0.7334814667701721,1.0410577058792114,0.0003,0.7303333282470703,1.0793708562850952
45,0.7309629917144775,1.0408817529678345,0.0003,0.7289999723434448,1.072058916091919
46,0.7342592477798462,1.0312989950180054,0.0003,0.7253333330154419,1.077820897102356
47,0.7361481189727783,1.0330255031585693,0.0003,0.7303333282470703,1.0618329048156738
48,0.7342222332954407,1.0234663486480713,0.0003,0.7206666469573975,1.0891448259353638
49,0.7760370373725891,0.9115282297134399,6.0000002e-05,0.7493333220481873,1.0060577392578125
50,0.7809259295463562,0.8982188701629639,6.0000002e-05,0.7483333349227905,1.0195536613464355
51,0.7850000262260437,0.8895634412765503,6.0000002e-05,0.7613333463668823,0.975119411945343
52,0.7855926156044006,0.887759268283844,6.0000002e-05,0.7743333578109741,0.9435948133468628
53,0.7842962741851807,0.8824355006217957,6.0000002e-05,0.7689999938011169,0.9623351097106934
54,0.7880370616912842,0.8791601061820984,6.0000002e-05,0.7576666474342346,0.990290105342865
55,0.7894814610481262,0.8726933002471924,6.0000002e-05,0.7599999904632568,0.981914222240448
56,0.7889629602432251,0.8714854717254639,6.0000002e-05,0.7613333463668823,0.9940388798713684
57,0.790148138999939,0.8695725798606873,6.0000002e-05,0.7716666460037231,0.9603307247161865
58,0.7908889055252075,0.8642931580543518,6.0000002e-05,0.7726666927337646,0.9332509636878967
59,0.7910000085830688,0.8651469349861145,6.0000002e-05,0.7710000276565552,0.9548418521881104
60,0.7913333177566528,0.8614981174468994,6.0000002e-05,0.7603333592414856,0.9826968312263489
61,0.7945555448532104,0.8549718856811523,6.0000002e-05,0.7639999985694885,0.9662150144577026
62,0.7934073805809021,0.8564770221710205,6.0000002e-05,0.7730000019073486,0.9518352746963501
63,0.7964074015617371,0.8541450500488281,6.0000002e-05,0.7649999856948853,0.9582116007804871
64,0.7947777509689331,0.8497641682624817,6.0000002e-05,0.7723333239555359,0.9355233311653137
65,0.7934444546699524,0.850986897945404,6.0000002e-05,0.7683333158493042,0.959997296333313
66,0.7964074015617371,0.847415030002594,6.0000002e-05,0.7773333191871643,0.939923882484436
67,0.7984444499015808,0.8431711792945862,6.0000002e-05,0.7636666893959045,0.9761314392089844
68,0.7965555787086487,0.8433223962783813,6.0000002e-05,0.7716666460037231,0.9574992060661316
69,0.8105185031890869,0.815159022808075,1.2e-05,0.7693333625793457,0.9507924914360046
70,0.806592583656311,0.8130583167076111,1.2e-05,0.7733333110809326,0.9504094123840332
71,0.807962954044342,0.8131414651870728,1.2e-05,0.7703333497047424,0.9352515339851379
72,0.8088148236274719,0.8087753057479858,1.2e-05,0.7699999809265137,0.947248637676239
73,0.8085185289382935,0.8095089793205261,1.2e-05,0.7756666541099548,0.9373429417610168
74,0.80992591381073,0.8091269731521606,1.2e-05,0.7726666927337646,0.945319652557373
75,0.8085185289382935,0.8076559901237488,1.2e-05,0.7723333239555359,0.9437578916549683
76,0.8092222213745117,0.8076253533363342,1.2e-05,0.7713333368301392,0.9504828453063965
77,0.8104814887046814,0.8078269958496094,1.2e-05,0.7733333110809326,0.9474384784698486
78,0.8097037076950073,0.8068511486053467,1.2e-05,0.7720000147819519,0.941972553730011
79,0.8112592697143555,0.7980992197990417,2.4e-06,0.7726666927337646,0.9426535367965698
80,0.8140740990638733,0.8000280857086182,2.4e-06,0.7736666798591614,0.9413401484489441
81,0.8117777705192566,0.8018836975097656,2.4e-06,0.7739999890327454,0.9434085488319397
82,0.8144074082374573,0.7975021600723267,2.4e-06,0.7723333239555359,0.9481818079948425
83,0.8135926127433777,0.7952049970626831,2.4e-06,0.7716666460037231,0.9532840847969055
84,0.8128888607025146,0.7965116500854492,2.4e-06,0.7720000147819519,0.9507125616073608
85,0.8147037029266357,0.7960726022720337,2.4e-06,0.7716666460037231,0.9549811482429504
86,0.8132222294807434,0.7971116900444031,2.4e-06,0.7743333578109741,0.9491278529167175
87,0.8132592439651489,0.7981466054916382,2.4e-06,0.7733333110809326,0.9569600224494934
88,0.8118518590927124,0.7990625500679016,2.4e-06,0.7743333578109741,0.9389750957489014
89,0.810703694820404,0.798562228679657,4.8000004e-07,0.7733333110809326,0.94534832239151
90,0.8146666884422302,0.7951328158378601,4.8000004e-07,0.7753333449363708,0.9438220262527466
91,0.8154444694519043,0.795177161693573,4.8000004e-07,0.7730000019073486,0.948966383934021
92,0.8131111264228821,0.7984974384307861,4.8000004e-07,0.7730000019073486,0.9470301866531372
93,0.8139259219169617,0.7965439558029175,4.8000004e-07,0.7720000147819519,0.9470418095588684
94,0.8150370121002197,0.7948353290557861,4.8000004e-07,0.7756666541099548,0.9436079263687134
95,0.8139259219169617,0.7970302104949951,4.8000004e-07,0.7723333239555359,0.9480876326560974
96,0.8145555257797241,0.794357419013977,4.8000004e-07,0.7760000228881836,0.9448645710945129
